user,phone_number,email,address,ssn
Lisa Garcia,(546)396-2513,bethwilson@example.net,"0761 Sherri River
South Kyle, SD 68795",821-51-3025
Yvonne Ward,495-656-6310,rwheeler@example.com,"5488 Cook Centers Suite 021
Garrettview, AS 59818",114-79-1781
Ellen Stanton,(552)341-6248x449,ernest58@example.com,"72373 Kenneth Walks
East Markshire, MS 19458",504-18-8017
Patrick Davis,001-720-706-6305x891,umartin@example.com,"6672 Kevin Villages
Port Laura, NH 76067",038-18-7892
Jessica Dunn,339-224-0201,mclayton@example.net,"62621 Walker Pass Suite 345
Nicholastown, AK 38756",790-26-0251
Carol Gonzalez,(388)786-7688x14882,kristinray@example.org,"20367 Cannon Ramp
Amandaberg, GU 53141",118-28-3130
Douglas Jones,412-268-8776,robert05@example.org,"31102 Ashley Trace
East Davidfurt, NC 24224",834-17-9517
Micheal Boyer,(440)828-1757,lloydmichael@example.com,"47991 Pena Corners
North Kyle, MS 24977",606-63-2242
Jeremy Park,(620)482-0844x9449,ilara@example.org,"46594 Christopher Cliffs Suite 990
Lake Johnmouth, VT 91142",670-53-6609
Nancy Miller,424.902.4879x57473,phillipthomas@example.com,"61829 Kristen Plains Suite 305
South Michael, VI 20606",205-87-4636
Sandra Morgan,001-913-550-2684,theresa88@example.net,"2457 White Crossroad Suite 425
Lake Kennethfurt, NC 53020",592-96-4861
Laura Carr,+1-956-433-4429x168,christopher68@example.net,"57053 Sherry Valley
East Savannahburgh, KY 60718",065-26-2798
Susan Owens,3914509063,charlesmckenzie@example.com,"59641 Robin Cove Apt. 439
Yolandabury, WY 74794",027-62-7384
Erin Anderson,424.534.8432x2335,tjohnson@example.net,"Unit 4406 Box 6957
DPO AP 81801",061-69-6904
Gina Stone,001-243-443-6351x70398,karla75@example.net,"169 Cunningham Pine
Zacharychester, SD 78916",481-47-9725
Matthew Black,+1-206-330-7111x66977,luisdavis@example.org,"Unit 7757 Box 0667
DPO AP 30498",625-52-3176
Gene Schmidt,535-822-2973,jonesbryan@example.org,"6149 Moreno Roads Suite 102
New Clarence, MP 78167",671-62-7642
Christopher Alexander,3634120999,omiller@example.org,"9734 Paul Oval Suite 840
South Elizabethburgh, AK 92377",645-48-8352
Angel Anderson,570.656.0855,richardlogan@example.com,"Unit 9606 Box 9790
DPO AP 04860",469-55-6447
Jacob Johns,(275)727-0713x206,vbrown@example.net,"32641 Vega Locks
West Gregory, MI 12229",322-39-5723
April Davis,888.747.9720x989,ramirezkendra@example.org,"275 Emily Locks
Alejandrobury, KY 18280",214-13-4049
Richard Gonzalez,712-332-9760x9519,brittneythornton@example.com,"094 Perez Streets
New Kimberlyview, LA 39515",799-87-0690
Melissa Carroll,+1-223-595-7311x5984,jporter@example.com,"USNV Fox
FPO AA 04908",196-91-0197
Donald Sloan,(529)696-4215x39030,dwhite@example.net,"2359 Boyd Shoal Suite 265
East Oliviaview, CA 29177",457-30-6870
Alexander Thompson,775.887.9864x72134,perryevan@example.net,"16528 Bartlett Plains
Lake Melody, WA 91498",622-59-8499
John Brooks,001-240-227-3566x393,ricardo33@example.com,"4769 Ortiz Lodge
Harttown, NJ 31192",152-37-3111
Richard Anderson,(274)525-9666x96152,mejiajared@example.com,"94618 Rodriguez Mall
Port Dillon, PR 06877",864-65-0077
Brenda Morales,001-296-629-6645x07987,yolanda54@example.com,"2770 John Locks Suite 122
Lake Morganbury, AK 39125",103-95-0193
Angel Hoffman,(321)488-8161,carolinebrady@example.net,"48735 Walker Junctions Suite 208
West Maryport, IA 45597",078-08-7394
Jake Duke,(209)357-4095,reneeweaver@example.org,"8424 Olivia Locks
Thompsonfurt, AZ 70136",132-75-4645
Francis Gomez,479-485-2082x88724,crawfordjudy@example.org,"8887 Joseph Squares Suite 857
Port Erinmouth, MA 59963",249-32-4620
Craig Neal,(966)420-2641x072,jordan40@example.net,"81847 Anthony Road Apt. 106
North Robertport, AR 21314",082-04-7811
Megan Rogers,8004513812,bergshane@example.net,"986 Davis Crossroad Suite 212
Bakerside, ME 29637",128-43-4444
Sharon Edwards,480-222-6435x46552,davidburgess@example.net,"6336 Zuniga Isle
East Ryan, NV 24811",668-76-6059
Melissa Gross,3419470163,ryanfreeman@example.org,"64052 Hill Shores Suite 414
Duncanville, NM 27036",646-15-3909
Patrick Stevenson,(368)214-3083x342,deborah21@example.org,"142 Laura Station Suite 152
Jayfurt, AS 05895",506-45-1347
Joshua Wilkins,938-812-6731x655,hsmith@example.com,"Unit 7614 Box 4081
DPO AE 77141",380-40-1050
Seth Gonzales,(297)656-9971,kmcclain@example.com,"6918 Bradley Land Apt. 603
South Christopherfort, NE 89536",112-26-0048
Kevin Dixon,5465093348,sphillips@example.net,"225 Jacob Cove Apt. 792
Lake Kristentown, IN 41432",388-73-5057
Courtney Walker,(537)482-9435,brittanydavis@example.org,"6031 Norma Brooks Suite 520
Wuside, MH 25306",168-89-3750
Paul Wade,+1-896-269-5791,christophervaughan@example.net,"35236 Nicole Path Apt. 398
North Maria, OH 13765",346-73-8286
Kevin Mclean,+1-577-577-5265x025,griffinadam@example.org,"PSC 6301, Box 6068
APO AA 95675",520-48-9311
Antonio Ballard,+1-868-727-9307x035,rhondalawrence@example.net,"2146 Stone Point
Paulberg, TX 95151",490-15-1178
Michael Hernandez,(370)619-9678,wilsonjeremiah@example.org,"49454 Robert Mill Suite 586
Kristafort, UT 85016",286-32-8955
Mrs. Stacey Reid MD,001-540-421-7504x2336,ywilson@example.org,"8271 James Alley
Garyhaven, MT 11608",510-78-3152
Amy Sims,(853)576-5375x449,chorn@example.com,"0543 Brooks Overpass Suite 028
South Robert, HI 67284",828-08-0680
Michael Cole,001-346-757-5388x2103,robertwillis@example.com,"08936 Christine Inlet
Lake Holly, WI 05400",546-67-1800
Shaun Hill,819.248.9355x944,lrosales@example.net,"44489 Andrew Tunnel
Fieldsbury, NV 65482",189-69-6330
Keith Shelton,+1-538-574-8788x799,wross@example.net,"51680 William Shore
East Theresachester, NY 27139",677-49-1849
Tina Stewart,719-900-3675x282,sandrafranklin@example.com,"3039 Lee Square Apt. 887
West Amber, MT 27429",137-27-2945
Colleen Dickson,462-834-9093,williamsderek@example.net,"7104 Carlos Port
East Carolineland, KY 92101",012-53-2599
Stephen Smith,570-970-8535x165,elizabeth85@example.net,"18721 Reyes Shores Apt. 540
Lake Cindyview, TN 55850",481-46-8322
Nicole Thomas,(894)246-0637,caitlynwhite@example.net,"5533 Pope Lane
Dennisshire, TN 70380",451-84-7969
Charles Bennett,(540)739-0605,rrivera@example.com,"USCGC Foster
FPO AA 16415",256-20-1098
Robert Sanchez,401.611.1686x9553,carrolljoshua@example.net,"1132 Kathleen Rue Suite 853
Josephborough, VT 82095",694-57-0652
Valerie Mcbride,001-959-671-2074x69142,garcialauren@example.com,"8851 Walker River Suite 156
Gracestad, NJ 77677",744-98-3532
Stephanie Carney,(594)999-5129x915,katherinebrowning@example.org,"843 Lewis Ranch
Andersonhaven, MD 12751",420-30-3295
Troy Lopez,+1-359-279-4072x099,michaelneal@example.net,"8342 White Isle Suite 787
South Steven, PW 51430",273-32-2878
Elizabeth Moore,8508583457,simmonsallison@example.net,"PSC 6122, Box 7680
APO AE 30448",091-83-0670
Jason Nelson,7628863605,grant04@example.org,"317 Griffin Point Apt. 428
Mariafurt, IL 54742",371-48-9879
Laura Gaines,+1-436-909-2753x47304,david75@example.net,"596 David Radial Suite 950
New Eric, NV 21432",616-69-2723
Justin Manning,280-370-0945x2825,krystal04@example.net,"12244 Jerry Via Apt. 391
Lake Christopherborough, VA 77597",272-98-1227
Jordan Allen,(269)824-7134x99400,cruiz@example.net,"342 Sarah Forks
Samanthamouth, VA 36319",402-86-0520
Kyle Allen,619.778.4842x363,jesuswilliams@example.com,"9010 Bishop Tunnel
Lauraburgh, PR 28060",295-94-6810
Melissa Mendoza,220-899-4904x634,derek10@example.com,"91574 Andrews Ford
Charlesport, OH 28310",179-68-0505
Michael Vega,390.476.4616x025,joannehill@example.net,"548 Jade Dale
Nicoleton, CT 93497",333-32-7104
Steven Harper,+1-607-765-2529x153,hclark@example.org,"PSC 1057, Box 9470
APO AA 41314",670-33-5808
Stacy Young,001-295-624-4824x756,brittanykelley@example.net,"22767 Jamie Mill Suite 572
Brownfurt, MO 49060",081-72-3566
Anthony Taylor,405-265-1077x09951,lunawilliam@example.org,"4929 Lori Cliffs Apt. 342
Port Gary, SD 10509",219-87-0515
Chris Dixon,589-471-5853x692,youngfelicia@example.net,"4313 Crawford Isle Apt. 296
Rushshire, OH 12786",630-54-1224
Ronald Frye,744.444.0749x53164,ashleylucas@example.com,"8654 Clinton Curve
Port Christinaborough, TX 01118",420-26-8453
Kevin Jackson,(704)352-4286,angelachen@example.org,"7218 Julie Shoal
Edwardburgh, AL 73975",691-37-9958
Catherine Ramirez,502.557.2716,anthony44@example.org,"57715 William View Apt. 071
Port Amandamouth, NC 16602",680-43-1910
Cynthia Williams,001-217-801-6611x27783,bwatson@example.net,"2935 Garcia Springs
North Jesusfurt, DC 68183",713-88-7521
Andrew Logan,(949)719-3201,grussell@example.net,"42565 Brown Loop Suite 627
Myersbury, TX 92553",351-07-4066
Tamara Mendez,+1-783-533-3172x8773,larrywelch@example.net,"PSC 8283, Box 4610
APO AP 63729",529-76-1355
Tiffany Berger,001-961-954-1877x67066,alan36@example.org,"3852 Mendoza Ville Apt. 656
Port Eugenetown, VI 20400",674-96-5766
Mr. Michael Parrish,787-388-6143x0364,fgeorge@example.net,"70168 Catherine Burg Apt. 194
South Victoria, TX 61985",244-04-3046
Jason Young,923.229.7614,shelby42@example.com,"5566 Graham Fork Suite 444
Ryanbury, GA 69931",768-34-7002
Kiara Lewis,4889135567,tylerfrancis@example.com,"315 Brown Meadow
Laurenshire, SD 56425",454-53-7031
Leslie Dean,411.202.8615,sally08@example.com,"2101 Gonzalez Valleys Suite 227
Lake Andrewbury, CO 43002",624-50-3607
Sandra Davis,+1-304-766-6406x0242,ryan21@example.net,"55597 Mary Lane
Port Jenniferchester, MO 80091",812-70-2952
Thomas Jacobson,(808)829-4754x403,adamlong@example.org,"8241 Melissa Glens
Thomaston, WV 30109",005-95-9851
John Howard,(905)970-0154,ashley69@example.net,"443 Stacy Cove Apt. 809
Davidmouth, CT 60373",350-02-5134
Margaret Robinson,(819)465-6170x959,oconnornicholas@example.com,"30105 Courtney Spur
Harrishaven, OH 36174",866-67-5048
James Page,771-887-5165x3171,markstewart@example.net,"98237 Paul Manor Apt. 555
Drakeport, UT 16059",572-63-8799
Ronald Carroll,001-940-252-2903,apatel@example.net,"22574 Mack Forges Suite 284
North Tracy, PA 52515",678-47-8577
Alan Rodriguez,(638)918-2571x24056,claytonbrandon@example.com,"083 Mccoy Rapid Apt. 126
Meganburgh, OR 93140",416-68-7623
Veronica Hill,001-807-726-2141x814,marissaperez@example.net,"9876 Pamela Underpass
Gravesborough, CA 48767",367-25-1679
Jonathan Hanna,001-576-842-5146x082,jenniferhamilton@example.net,"38361 Thomas Trace
Port Timothymouth, DE 21120",807-55-4817
Kimberly Santiago,8073169512,timothypatton@example.net,"6108 Lowe Route Suite 341
Port Samuel, VT 52578",194-67-5681
Christina Thomas,(658)372-2270x83954,vbolton@example.com,"6476 Munoz Neck
Port Drew, LA 20717",692-91-4674
Paul Tran,401.540.2452x77499,jerryrivera@example.net,"80039 Stanley Ville Suite 969
South Beth, NE 15670",881-03-2639
Carol Fernandez,458-255-5497x8548,benjaminlewis@example.org,"Unit 7436 Box 9661
DPO AE 01586",293-98-2726
Stephanie Gilmore,(844)621-0527x861,wstevens@example.net,"9585 John Falls
East Latoyaborough, SD 39217",621-38-0944
Richard Moss,646-316-6629,jessicajohnson@example.org,"1126 Green Ranch Apt. 529
South Samanthaside, OH 27504",662-78-8317
Alexandra Leblanc,(476)581-2107,marcus05@example.com,"1797 Jennifer Parkway
South Abigailton, AS 98182",745-32-8006
Leah Maddox,(236)403-1929x243,greenashley@example.net,"8971 Ashley Harbor Suite 636
Montesmouth, MD 71861",818-60-0324
Kayla Holt,+1-271-570-1104x81134,smithjason@example.net,"972 Emily Court Suite 607
Danielsshire, DE 12287",217-57-0252
Kristine Hardin,558.669.9728,vickiflowers@example.com,"582 William Rapids
Kylestad, GA 78305",392-98-8300
